1416___3e725e46f41a4838970eab6320dbd3ae,archery,135
20808___90b550cd88034a43b99397963e17ee4e,archery,295
20843___eb21a6079bba48f788fce3d60483921b,archery,245
21027___ce39a313fc594ac095bf27e52bdaf827,archery,411
21900___5d9d631e95f6483681b52cde517e2ac3,archery,122
22682___536cfdf15ada405a828d7d8768080b39,archery,338
22917___f11fb5c4cdaf401d9c07cac195339798,archery,387
23249___3692de449b4742269d42f7fdfcb8cd3e,archery,375
235___ac6a72dc95e64a1da239285b073985b8,archery,366
24637___8fd35f4b15eb4db08c67711a43527bf5,archery,255
2541___1e455f8ac588447ab29c90ab225eaef7,archery,349
25750___15e5d80c29634e67a84730ac48031ee5,archery,317
26098___62fc553e17714a8a8e500db0ac5446af,archery,175
2659___e9303b8e63374ee0b1f449e8c2e17687,archery,184
27505___7e0dc999b52a47138ae0c35ed1fb6ef2,archery,413
27805___1f7003f8db3d4e9c90e813c935997930,archery,480
28135___f12c25e8508645168edbfeef7dfc52bc,archery,252
3003___6159ac6555a24eefa689eac47cff59be,archery,471
30783___b53cd2300e3e48fca9d9fb2a91698cda,archery,357
3124___bf8832a0c8d64e0f9ef6b9dc6197e4a7,archery,280
3272___6c3f273120504ab9b76d033096786034,archery,535
3415___03a43d4f7f4249a699f717cf7d770377,archery,187
41382___4cc3c4e0a91f476f85547f46a6210c2d,archery,150
4148___409f20f1b9f043d8b82e002643ba4e27,archery,175
41925___ca9fe59f45aa4059b7829c91040d76d3,archery,437
42448___04d8d32dd23e4b9290486adcb4909db8,archery,338
43624___996d7752cb9b420da0f49b6e040bdfe8,archery,48
4671___24f1db27d3b14cfeb6297dc1bb1cbe69,archery,215
5076___dfd57d85942f4052afeb8fc832f626b7,archery,757
6215___e4bf1e1d47204bbf81f13c9765c314d3,archery,633
6692___3dcabc8bd5e144f9a53990e735b8980b,archery,361
7237___ab04c0b8477e43288418e83228cd5190,archery,319
7264___5005075d8c3b4e468f428975519ddaaa,archery,521
797___9540f546f3364c9499afe7accf091059,archery,352
8972___86b9bead5bcc43b3abde372f5d9137fe,archery,377
9222___d712edcfa86a4986a14330ff011c9143,archery,214
1006___0782c5e0a492407a8c250f933b5b86b6,baseball,897
1319___7f848fe657c64dddb503ab0492d494f9,baseball,213
136___a5ae4b2b86274243b593a3194e2ff6f9,baseball,87
1428___088d10d336b145ef98da55b4b7e5fbf2,baseball,256
1448___52effe67150f45cc9c7c26671001e0f6,baseball,514
1484___85b514535abd412a845e883d34963270,baseball,159
1536___bf68a45a7b5b491190eaded6cf13f27f,baseball,186
1572___82b9924873eb4ef2937d3378ce09fdc1,baseball,1034
1669___b0187e6c9a5848fca09b32a3e0f224a0,baseball,633
1713___2455c50c451c4ed0b1fec5873ca8325a,baseball,813
1901___784525f3767b49fe93410bf160e2701d,baseball,135
1908___736ef5b7ecc44cd6859a1b49cf4c3c31,baseball,73
1993___b350e305e076459dbc57319676425cf4,baseball,174
203___dba297f80b80471aae0d3af834d8d57e,baseball,436
2158___f2df294e81694b5a9f3d1d2644abf95c,baseball,167
2165___361b49eefedb494d860a3884bd4abf90,baseball,514
2377___54a58a20b92f4b7dba15fa56d1c14613,baseball,388
2404___3ed0e9d442c64733ada42485f76f6834,baseball,188
2462___9ecf4c00b054488e97d6587597644afb,baseball,811
2468___058f05b9bb324b29aeb16e69557f3303,baseball,177
2538___48d402f5929b49e39ee2bc1ee93da5e3,baseball,274
2595___bda63b3235644bdb9ad4e7bea8743328,baseball,867
2607___701d2c57afc8402dac28d111f9603815,baseball,616
2650___3dd339693a70449da03c9a61c6a9c416,baseball,91
26___d5f47b2d16c84967b39eb5ef9f5544d2,baseball,714
2732___59322aa3234d4327a5bc468a48a4bdf0,baseball,1733
2752___e1fdd79fc5f84c3089419b35cd7477fa,baseball,107
2784___eef8a5b38bb84d878cbcd4016a2bbe12,baseball,116
2845___39421cf212fe4448a9fbd191c1beb9a4,baseball,1189
2906___fc30dd0ebcb845d49744723eaebe463e,baseball,259
2986___9f1d654ce36c4ee69fe3674cc39786b1,baseball,146
311___5044583402e14d6fb442a78fb2a9fcf5,baseball,2539
417___cc7c281a8764479e9683fcd111f9f82c,baseball,714
467___acf0e29e775945cd93408bd8a9c8536b,baseball,798
490___4d3f7061fb3d4224ae390c1628a43b26,baseball,382
527___bb79a2d1d3b642d39ca4b2a96944b158,baseball,489
543___1440fa3f5c63443e8eae3affdf0a6efc,baseball,868
599___d3350a9ac2f14e37ba225cb6568c65fb,baseball,559
612___37ed7bbe65fb40bfab76ec463d1c9183,baseball,714
624___d0daf1584f444e168e60b3f446e69416,baseball,230
658___0578c2c69ace49e4a80847f10c9e3cfe,baseball,1073
689___32f90c306142408e84aa97e3cee2c30e,baseball,259
758___79279a2dbd49431fa608f5d67f76b7bf,baseball,642
851___fe7468e74123457793f6542db2cd6f04,baseball,686
929___9d4a567293cb4d6ba89896a66eeb2d9f,baseball,600
1029___622e152384e44d13b05ceb56db63a99e,basketball,322
11112___ea32027910a4414a88c27ea3fb3ea495,basketball,225
1171___61cd284046c044e088235142c0f1a701,basketball,233
1246___c815d4e6e04f49119893be957b94bd1e,basketball,140
1849___96b510b64af94e2dac3a1e99d7b3bf84,basketball,245
1985___32687f9e18634df49835f5151b3fec4d,basketball,394
22620___c17f20c701504359a0617485215e490a,basketball,136
22775___48a58e699f434fafab6e7a4e36ac83ef,basketball,183
23644___09a2fba5649c4cdf84d7f8bca4c797a4,basketball,439
24288___c22a8d521b91435ab664c8999ffc4edb,basketball,615
2632___8fe64766da1e4722b99404db3637522a,basketball,201
27289___5c553b4dc87e4ad09eec6315b6da49f5,basketball,230
27401___e8b0092317144572aa5069afb5c605af,basketball,433
27852___bf327b6b75a6445d92b8737358ded7fd,basketball,103
3074___7de219e769744268a0e8aff74e229707,basketball,288
372___2ecb3141cd5f4e6792edfea046e48a68,basketball,529
3752___eeed66fe8619407280322a136e3bb613,basketball,444
381___476d92a4a8404f6795af2f733ae85edb,basketball,135
405___35919457ff8142d6b4c703a1a582ca2f,basketball,327
4072___87a9ce485089479cbe9c1b119b259c0f,basketball,185
4136___e29ea0e63e1d4482bd13ef4a4fff783b,basketball,287
4535___bb65ea436cc2468c91aefd9dabebdaba,basketball,797
462___5de33d2ff66845689ce0b8426a0119c3,basketball,157
4791___13f4dd3e5f11441782824ca929b72e81,basketball,467
4982___a7eae28d0162457db6fa0a015351268e,basketball,357
5880___0a55ea07db62450d8cd402d717116363,basketball,123
6160___03bad4b70ab14891a48ae2075d48776c,basketball,48
6376___dbca6106de224f668edada73cea68970,basketball,206
6722___3c91c9f58f0e40e7b95d2420c82c837e,basketball,200
6873___9ee81906ded3482999f330147b909c55,basketball,798
8459___68015ee71737409ab4b6ed1e46d6ba73,basketball,157
882___f87ddaffcfb04356a47add81a0182be3,basketball,249
9301___cd8231467ba34ce2953f061a60fbeaa7,basketball,443
10430___5a7e92c81534414f902e77a58d343a98,bmx,711
10673___f6a811e9524a4511a2ca0aa6cdeb08af,bmx,218
10756___db80feb992fe4799a79149247c189bd9,bmx,729
11007___613d0e71584e4f3e813b0266ce35a47e,bmx,279
11280___d25d12996f3649b298b55a81086ff175,bmx,158
1484___4aa46ff061dd4dc39b39bd01b03fc871,bmx,246
1581___13abff9f101c4ccc8bc90bafcc51f8fe,bmx,166
17708___fe91d5733a80411fa1c883a91085fad7,bmx,227
1895___62d3c5f6cc864900b9c29f76900c5fa5,bmx,352
20488___b90b046eda6549c98cbdc74757c5bd27,bmx,94
20948___48eab15ef72543d488d192e4beb1925c,bmx,268
2640___169c2afa7c554fd1b55510064296cd7e,bmx,175
27771___fe77452d104944c3869b959c7a6bf4d9,bmx,306
3773___b2de443fcd5f4709bec5e6ef2756b69a,bmx,127
3850___684c0d19fcc04fc49a622f40ef262718,bmx,321
40915___e805df7baf674d11b25e1a11396376c0,bmx,140
41051___166f674def8a48cda271eb8458aeb3de,bmx,505
43889___e31cb0cd90db4237bf336aa728353734,bmx,641
44320___0cfb9ca1393f45c498dea65cff4aaee6,bmx,309
45508___5a623d99cad7460a99213e18c74960d7,bmx,235
4645___eeadd25d202e4fa18ba0fcae5f2ab081,bmx,291
4693___773406c07fcc436bafc3db3b4e21fe5a,bmx,227
49262___a01853d5afa649df83a3a50e49090a1a,bmx,315
50858___2ecf97b5aa4d4041ae7c0b7935fff0d6,bmx,78
52116___ae5230194c604ea1b05894480637d870,bmx,141
52943___28e3b1a24dd145b8a0ccc38a6dd1b726,bmx,214
56433___48f090413e114758b8ee1abf5e128082,bmx,175
58947___564b944ad7494bbeaf5ba9f48697af5b,bmx,253
59365___fde736471e7c4e53ae661476ae12d65c,bmx,302
6125___e1da0fe0ba3a43f5a1055660e1b0ae32,bmx,149
7151___88debd3866f5464580c2a73e47580391,bmx,169
7652___880f114ec1eb4fb8a6c9d342f6c8e58e,bmx,292
812___0d82ad3c3516459a82add7bc1fcba22d,bmx,466
9080___8e65a6721daa4116bb7dae3a274a5e8e,bmx,672
9527___9f08af98a0f84bc6a5d021bbd500cac1,bmx,320
9757___fefd5a9082ee457ea863ec8972711da2,bmx,298
10641___189d0be795df4ff081b997bf928d1355,bowling,443
10784___acdd4685fb644631a47e1bc2c360148f,bowling,274
1078___f5d85ff1648148ba8d4a19528647efdd,bowling,220
10892___1776adfcc1f34bd0b1db60e8cdf47d07,bowling,187
11041___7667a4ed46ee44fc82ad6847dad9d8a0,bowling,462
1398___e4003f81832d499da0683c8d4c143111,bowling,588
1741___1a4ac19ffdea478585c0cff765d8ecfe,bowling,200
1998___e36d397553bf46b1b892a4dc78efe34c,bowling,299
2063___14fdc16b3d9345499b0a1dedeeafdff8,bowling,261
20792___e9f0d042857b4ac6890258d632b65a78,bowling,421
21880___022aed85bd9f4a4480d0b2f084b8f06c,bowling,374
22124___737ace570a1c4af0a55f57ee77543bb8,bowling,268
2360___deb368cd5c7b45efa5eb1e70476ef30a,bowling,218
23922___6295ef8dcb97430cabc7a0e380333f30,bowling,279
2426___b5bf7c9683c64ed993241c3e83424571,bowling,151
24337___19f87d6d5cb34aa1882162670f8011a5,bowling,214
2485___fabbc5cd846448ba84e8995de7d5336a,bowling,208
24991___086b7bd2b979411fb1a2c421f8a0c264,bowling,306
25580___ab3578e361814c3db079a3668cbd1f5e,bowling,115
25823___7240f96e95c140158a6b5c4816b49fab,bowling,189
26706___7da3d58457a440b8ac738d7387cca1b3,bowling,231
27388___93fe34c7449b457d9ae872ec58c310fa,bowling,136
27530___38b780198aaa4cc7a45cf935ee6f682f,bowling,276
2925___8f28b378f0cf4bd3898fc3088efbe011,bowling,401
3210___7d4f469834054c67b853a184e7b20792,bowling,578
3806___99a187e055994f21b17325cc13f5bef2,bowling,189
3837___9ada1517408d4a1f9bba32d393acb5f1,bowling,275
3909___6378bf69a028415aaebe28bbb0dac989,bowling,285
4111___660e7c5c78a54730971ae4911ef0164a,bowling,155
4260___f838835990cd4a078f9bfc19070feae2,bowling,299
4575___6f576d39ccdf4ac2adb66b8b9c8f90e2,bowling,268
4804___8a7332b899684238abbe2f550074b3d6,bowling,351
4971___1d341fdd6b5f4f6493035e66f6b9072d,bowling,200
5239___8ff256eb83a544cf8f9a7d8b82af4edd,bowling,251
52___471780494c174b8b9e4d5e1b71eb2bba,bowling,327
60___2417a63dd4b84e02ab8485ec3bf10bb3,bowling,574
6683___98c99da884f549c8994f0cb492324fb8,bowling,179
6714___c908ccc7c5cd4200b03ce737861beba2,bowling,415
7170___6465454bcbe94eb0b830cdd1271aaea6,bowling,330
7562___e24aee3b8fb9442296b7948015d23a48,bowling,247
7738___ef625cc2158f473cacf319b37eb8e2a4,bowling,248
808___73b27e1daa8047df9c62f6b4419703aa,bowling,372
8385___caee5d0815f449dbbca9f3364f11dfe7,bowling,260
9176___eda127e03d544f0b83829a949e98b4d8,bowling,214
10053___cdb69c374f95496096aaa2902c7dc639,boxing,1194
11558___093049c693544b11ada7edabcf27a1e1 - Copy,boxing,1200
11558___093049c693544b11ada7edabcf27a1e1,boxing,880
1455___430099f52dd04dcfaa01104d8fd6940d,boxing,1009
1696___1f2b6b7da0e04935a7926b73c12c29f8,boxing,1022
20521___d9a364d200b645ccb2a7515c0d03c104 - Copy,boxing,1001
2435___9fbc63dd364b4018b1b36172451dfeb3 - Copy,boxing,902
2528___2868cce8d5bd4548b208f580580f1add,boxing,939
2658___8c2621ad58f249758894d2b5797e93bd,boxing,801
27948___1224a91e7ad24c51a68b14ad92ddca2b,boxing,916
3463___95a8cf0d5edd4d248f1a2dd1b650a5e3,boxing,1421
3948___b3a59db5179947e291c16e3e60501acc,boxing,1011
42231___2bc983b7ed324a65ae43c44e41cbd48e,boxing,1077
43436___01211080f012409fb413265c141d0028,boxing,990
45505___767fdc57970f46bda68f69219b48b82e,boxing,706
46846___09ccdd0625804915870fd916bf6ea8f3,boxing,233
47304___d9566e73bdd240d198484598aa3569ab,boxing,420
47327___8d547ad9270a4227a21ed3e8d8344692,boxing,1021
47843___d5e5747f1f4f4c7da04a3aeae1846494 - Copy,boxing,1212
5693___1986eb9f1bee44759cc3dcf3f88a1c95,boxing,843
57017___18bcbad3afce4cc5952e190e41454101 - Copy,boxing,1063
57017___18bcbad3afce4cc5952e190e41454101,boxing,1246
5791___cf1382db4f2f4cd78120c707e133830f,boxing,333
59045___cc6bdf6f720a4e80b358618a2dee5537,boxing,956
5959___1cf88dc840d5418d99be3d319b222513,boxing,911
60755___9a507e0b58fe4c1b9307331abf4fae4d,boxing,1331
66615___78729a0d9b414e6099de1a9c20bb96d8,boxing,855
67551___946b518f5a2d4545a3257c83cc0522c3,boxing,573
68103___45ed6569e385461a96361fa1a09ecdf6,boxing,489
68___f3a86f4ec02841eea04b3cf7a9e40de2 - Copy,boxing,948
70648___f05b184d9228455ca206ccf015e7ed42 - Copy,boxing,1227
71986___12e23160e03d41fdbbe473dacd37e55b,boxing,167
74299___d05c3f7234f64a42b59ff3a7daf21ce1,boxing,961
10796___becdfe2de27045b78d427846f4f54217,cheerleading,173
11207___4a9452b59cb34497967f7c90c1f42b6f,cheerleading,719
1370___99c8fac394174eacb682b7570a0d70ec,cheerleading,248
1424___e21c292e22b14021b2c7f573e823f92e,cheerleading,173
1594___b447d5bae18d4573a61f76f11bf521e9,cheerleading,430
1966___3814363e3a1f4b52a77b431cba273001,cheerleading,217
20207___c8622da33afa430da85fecf0655d3985,cheerleading,331
20305___f6401e6b3d6a4167930ec01aa4d04df6,cheerleading,554
2079___efa55789e58f412ca30c9405d5d42736,cheerleading,144
20872___1920067c45e24d1d8298da751060abca,cheerleading,242
21782___8b2924e63b7947229280e6bab5360646,cheerleading,697
2301___30822301ab164abf94acc1e4258cadff,cheerleading,190
2426___7341247998984ae0adaa2d62aae0006e,cheerleading,674
243___cf71bdaa7d2a4608923d7e2663f26f97,cheerleading,567
24425___b4e553abcb2a4b069baafe69d35feaec,cheerleading,544
2458___3c7eac89959545c29a78fa07cfaff789,cheerleading,139
2527___910d0161599f440c93f52439a298927a,cheerleading,237
25304___e5d3a5622b2d45c59b40ca16ecb98f8c,cheerleading,131
25677___0cf03ad5bc3b47db8757dc88587f16c1,cheerleading,342
2579___e74e661916504031a5c4d2e0427dabaa,cheerleading,817
25876___2785827aaacf49d4b09ede18ee4fc85b,cheerleading,499
26084___167f3cd54d8347ea899134ae397c94de,cheerleading,216
26136___74fa8eb3e66f45b796f75089b94c2f49,cheerleading,657
26202___7db2920b673e4a568dab2bddfb7ad88d,cheerleading,329
26287___d90540ceae6341afa644a06d29134403,cheerleading,289
27440___2589e700950741a399dafffdd7f3273e,cheerleading,553
2999___5eedeeed34ba472687854424bd988822,cheerleading,499
3082___e436a62113574b5faa870ccd75882ea1,cheerleading,108
31380___d12d81cbdcdc4eaaa6997d7f3a39ef9b,cheerleading,298
31407___d7459ebe67ad497295ee495d9c828f5b,cheerleading,213
31427___dd278b8acffc4f2f897da4c1d1df2716,cheerleading,381
31507___6036f902830a405eabc644d0d229f11f,cheerleading,445
31648___61044d49a95d4fb79b7c304c98d06b7a,cheerleading,396
336___3c5136f26198424f97ecd9a33e210b56,cheerleading,326
3883___873d7b3710e547faac2276eef1edf42f,cheerleading,190
393___6322945c62ed4d20aca7f78172213f26,cheerleading,548
4007___1192bb7268bf45749ad82d76233c61df,cheerleading,530
40328___32eef58d9cd64f0eb6b0e3e209f01c06,cheerleading,188
40389___ed4ac631455a48a29ede7a1528fbc66a,cheerleading,677
4230___04662cdb315046a8a392a06a3761cf78,cheerleading,212
4342___ca849c6b9f234c64a4c1e4ef052528b8,cheerleading,442
4422___66869a0a6c744970944acbff5ef9f10a,cheerleading,396
44354___89280e2f8e044718b7ead8526e6d16b9,cheerleading,306
45445___98bbad856ea04ca28d1e430e1703f935,cheerleading,122
46215___c65773ce31314f3a8b82bbc1b8f2cf5f,cheerleading,506
46270___5d0b832e28e440f2a19a0df783ffe27a,cheerleading,435
48793___d29826c6e60e4375b45754230167db50,cheerleading,773
49091___82bd43722cd54ce4ab0b5bf0e69c91ae,cheerleading,324
50715___94b87e7f978c4a99819ce03be6643abb,cheerleading,220
50906___45690b2e9b9242d8a9137d718e004338,cheerleading,285
51702___e06e13c31ae74ba4b2789836ea0d0616,cheerleading,871
52255___fee7b88bba2542a3bb46594d386bc15b,cheerleading,168
5379___a5cff78061dc44a9be7958490609c3e2,cheerleading,349
5631___d39cd2f2e33b4ee481b2fd9304cb1d61,cheerleading,528
5678___f497f627e3e14cd2bfa367e74b7ddce8,cheerleading,243
6522___a1e1325445114df2a4ee54aaa105b20f,cheerleading,507
7765___f66eed86bba84d858420d5097dbd2fdd,cheerleading,455
8498___8bb5ec4e18e84bfc963ba88e2032dadb,cheerleading,86
8729___cbb241848ada459cb920fdb559aed919,cheerleading,489
8791___a13d9862d9cd4cdaa939dd1cee059c68,cheerleading,589
9808___92807c57d02c4beea6a9dd09fcf17705,cheerleading,258
10245___65b8032d6b8847fe8c38195703b7f8cf,discusthrow,167
10494___26cee5a547fb4bf3afe336a96d6ebba5,discusthrow,626
10536___7c381819bd494478a096d88569847a50,discusthrow,626
1089___7368e32fcf154c478bdd46d048d73db1,discusthrow,296
11218___de6efe82dab6431485084a900cd3fbdc,discusthrow,163
1281___3f10157242e64035b88dd416191d3e97,discusthrow,452
1520___7af64b9c30f64e2493139dcaa4557574,discusthrow,477
1569___dfe60c05c8be4c04a100316cb8e43f32,discusthrow,666
1678___ec04dc7457cb4c0191dac81d07c5f736,discusthrow,322
2007___7a82c44b06a44178873f6c82ed9da49f,discusthrow,153
2403___902f8aba8d21470fa718c55944351ca7,discusthrow,543
2477___651351a9161e45ad86092a23e84c1e4c,discusthrow,262
2767___e0fee240d07744cc94635a73b993b0c4,discusthrow,150
30716___50269a24aec34dde8694db8d91d354fa,discusthrow,48
30889___cd4da1275ad6413b994ef5075dbb270f,discusthrow,219
3230___bbd0cafcd86b40459967f372e18cf358,discusthrow,152
3302___11a7073d52f74249b89c1780ad47fa14,discusthrow,172
3512___d9efb963262449a1965550bb533941ca,discusthrow,1185
5019___b034f65048e54e3ca356da058d77fe7f,discusthrow,154
5863___f736350bf97f45288fa247326cf36c2c,discusthrow,137
5876___4131f8e223ef4154ac85fd710a2aced8,discusthrow,168
6695___c2b7edaca98a4fabbd7f6e565d1862d4,discusthrow,198
7098___349a9606d1334dc2bd766fec1d546010,discusthrow,325
735___efa53cd6eff0462c92cd13ae78f3663f,discusthrow,230
7827___d8078f117f974b59a794ec9751d68705,discusthrow,382
8175___684f752fb9b143dcae1c4991bf0ea88f,discusthrow,252
8268___e4e2233b353d403bbe8e6f462784322f,discusthrow,194
8386___ec48564e264941a69736d984b5356b11,discusthrow,204
8519___21105ddf4b2445bdb93248d763b6cf06,discusthrow,79
874___47b97ee861fc43b1a849bffebd39a13a,discusthrow,161
9003___1cedc5999d4d4bd9888a4d3cce8c95a1,discusthrow,199
9270___1ca20ce5b55e4a45b1b3414b96e94109,discusthrow,533
9383___07e654139dae48ba9813fa66ad49e569,discusthrow,143
9476___35be0b740e3d4adaad11b71a638730e9,discusthrow,92
9747___8759299ffa3348b0a67e5765b2bf760c,discusthrow,406
9816___f911af3ba661463eab235750cf6b9bf8,discusthrow,265
1010020464___44bbed4163744c108640f74b9a67ed13,diving,880
1010024356___1b6805a57ed945cd9a10d9447fd38b85,diving,669
101004052___13691904e7794a648b662ed56a882421,diving,658
1010042743___4af61eb060804eb4b599c17af3aed687,diving,160
1010043606___29c4919ee456482888be0102f0c1c820,diving,131
101006995___e0274864f3ef42358457a280a3d16b11,diving,643
10347___9812e48c908642a58325abb99f94617b,diving,333
10912___c294733828fe472fb99a9ac5fd28390f,diving,154
10964___819f60de6a9d4ef5aadea0cb9f0ca084,diving,111
1202___e3a845a54a654a578d0a5d433f476b96,diving,802
1875___3a97aca3a3594b8384391c40e6b9cf01,diving,155
1959___c0663f30cedb4e56b75455db3cabf0da,diving,451
217___db72bd8012dc4deba8361b8404881fd7,diving,265
2793___2cd7f96983b242f8b5d0219794950e90,diving,391
2827___d7c51d02a7af487282c32801eee479af,diving,229
2850___9b3da5bbaf61485fb699334e521b0614,diving,268
3071___fc3018363a154d50baf6d56163b1ce44,diving,247
3310___4df38fe225ba4272928c1b08d20a8193,diving,108
334___f632cff42b2545f2ba9023e1aca7512e,diving,158
3955___5a798eb9d1bf4f98aae7de8df7016004,diving,364
4206___426d2ed8641a4518992cf2f3deb00e8c,diving,565
4669___3ac9e1e5ffda4634a12089d1dc983236,diving,312
4689___41b7fe998bf04f82ac94aa53b75abb30,diving,245
4959___08c0e475e521468e8635b69496a2603e,diving,80
5179___901c2f20298b457484a2a9c0bf8e05d9,diving,295
5599___1e9ce2f11e6342e885497ca9d1567e9a,diving,319
6277___956fc5c9ab0543d5a101716f83b5c463,diving,288
6789___03eab0cccc8d4440bbeafff76c74dc45,diving,346
6916___14f8c3ad3579480199e36e91a390a745,diving,501
7200___b8d52c5e9d5044b49a0e69c7447965e4,diving,777
7711___ab28242daedf464cb15304d81b14aa3f,diving,226
8239___b79b1f4423d348f89c1dfcc821b368df,diving,1015
8246___5e03604a7d1548f98da818b67e529c6b,diving,265
8756___f164ff04b138444792dcd454c4d00be7,diving,295
9835___104f2e23c6e34b648bfefed77c29d79b,diving,249
1020___d1515e2e36a94364b90d33d221836ba0,football,272
1073___2016b18127424f93930af933c1c52230,football,302
1098___0600062dc9c549319ae838afec7c7ecc,football,142
1186___6c724b3acd7b4eaead6b76d5939320ad,football,171
1225___fa50cc83c4734cb2ac3cf6115a74a12a,football,845
1269___a62789fce7f94a2fbe0d0a8b3704202f,football,1612
1388___2cf703429698446d8a4daa2da87b2158,football,134
1396___9854f4e0a9a142f393b3fde0868ce087,football,140
1415___f42509c44d824d4eb2f91016e77b9eb0,football,286
1438___70c6116b41ea483eb785453343bda1eb,football,541
1647___3b570783d4854581937d791205dc989f,football,284
1689___cb5533b050d543638531a567ee8c8e07,football,495
1783___8e35696a03c24475bce74eef2e0b1695,football,345
185___933702921f8c4787bcf98dad8a8684b4,football,129
1916___4c3537dbd5894e52b62d321cdf9e4ff8,football,143
1954___78c98289151844748eb88f2d863f125a,football,76
195___c0a94c310cb14e3ca2d6d12269394963,football,121
2098___78864acc9ce7403c855f8aaeff4810bf,football,242
2196___b3f475404c08453fac54c6b2290a7e33,football,207
2287___74fde5e407ff4a248e7b983104198bc1,football,595
2356___899e586c652d4569923f68dc1dfd9498,football,141
2383___2450783d52ee4d4fa226a6154710b869,football,1002
2691___2375f35559904ddea9459ea1f58e36a6,football,479
2758___2c08d25e101f4742ba16acb4b5465403,football,95
2831___ab4bd97d88a0470f9bbfc604d477e417,football,340
2843___b3f21355d07c4a428fc4d48dd10d8190,football,752
3020___96879d80e6384a39b2d908b50a073777,football,177
3163___3ce0c7a4162b4496b69527b5c1ee4458,football,120
3375___2c63c485fe364a8d893311756529a4e8,football,575
351___27b6f66cd0d84ab0ae087f4d741b6f31,football,318
3521___bfcc527290584d30b4b8ed3b017e0976,football,185
3813___cd5777cd8f2d4453aaf284f05537232b,football,161
3848___296e25f2b75a4ff7a7afadc3908d8ac3,football,325
3957___e4df0d019ca6405eb593aa94f44b8dd5,football,196
489___728079b8a6ac4c51869094cd6fe69bd9,football,274
550___9d146a44bb704bc8870274d0ea2fcaac,football,1118
633___4d3fb9e5123442c98f3549fd68aac6ce,football,518
731___9ac315d01b4140b7886a8f05de113710,football,124
860___67ca900519bf484b9fed631d36dba25d,football,1235
89___fdeb3b446c5742ca94e7b94002adf1b6,football,270
945___0cb36fd9aec24743bf9dd752bd792fda,football,264
994___c4fb9711a4114c5985401889927af1fb,football,404
1002___ecfac006ef78466f87ba8534165a2ad7,golf,238
1075___cdeb4d93ad1a4fb49e1dca1de4028a26,golf,281
1113___a921b6464510476ab92972ba3a411efa,golf,105
1190___192607b044db41b7941f9a4d50a50823,golf,324
1219___d0ed518c757e41ba89ea928f4ce46725,golf,282
1325___882c24fc0b8a45d28e2c7a817db52bfc,golf,139
1401___018110531aa345e1853a182e39a8b411,golf,109
1427___5dc0f9f3c1d4464b8fc51cb64fc2f3b9,golf,435
1451___18a7fa16be8146aa861f2ff1be8a1491,golf,93
1527___358868f6d0e349b0937073603f325bcb,golf,203
1577___6e6fd601bb9840dd892b5b0be5c8828c,golf,162
1664___a5b06764c83f413db46c08ac75d50b00,golf,121
1692___12babdb366cf4d4a9f6028d6006bd756,golf,617
1701___9f5a837337314a88ad0afe3d996d4928,golf,111
1715___548ce2045f404ec18bd00c8ca4c1048f,golf,535
1761___8c11cf1628b048b08c459201680b0b18,golf,68
1852___ac8d8c97e4994b1fbfddefaadda66a04,golf,248
1941___898b0966e5e6409db933ee7593295d4a,golf,131
20___b98e0203cd784137bc7b9c1b2a47ae57,golf,487
2159___62ca65abcdf546a88106497ae00ea703,golf,243
226___c66680191e01400abd6804da0ad72b06,golf,95
2280___455061f7665c41fcb9292428a48979a1,golf,144
2310___c9f0d3a2c84d4a42ada83604e6450ab8,golf,148
2317___7c09c775aa1646c8838710dd6a8e176a,golf,171
2336___0f55d83b543b408eb3438b20d617f504,golf,231
2375___3ba87920dd184d6f8a40a890404433a5,golf,202
2470___3e19dabc33af4bfea3d9b0c5cf536738,golf,216
2480___dec378b87720457c8531b824c84ca381,golf,1187
2508___eea639e62bb14e96a11646882b1fcbc9,golf,219
264___74824caf461149ecb111972dfd77a1bf,golf,362
2665___9f41dcc4ec724459a4da4d64b545aefa,golf,194
40___dbe3114be1f7457893275202153f7f7f,golf,282
583___e497a5aa7d734449bdf699387c572a22,golf,506
673___f57708914ba14d16b8dc1805687a07ee,golf,258
802___c33b8ebcd1d64353a4ec95093eacd36b,golf,325
84___bdb0f904a1ea415483fd1431846bd0a7,golf,336
1012___7ffd16e5c2fe44b1b6ce925479bd6629,gymnastics,274
111___def5482fdccd4fa3bf392c5f311d2c2f,gymnastics,312
1188___55cbd07a6c3f44019217a40b26a85c4f,gymnastics,817
1251___c028dbaa4e5c48339ac632a67a1a3601,gymnastics,152
1402___1b8b90ed1cc740ad97b31427a7a2ad7c,gymnastics,238
1429___6cc0f9b6355e4bcf9ea135df94c5de54,gymnastics,90
1551___1712e7163784475b870c800058b4ef92,gymnastics,269
184___c4daa2162d7349ca8cc68c2e4e377ecb,gymnastics,238
1850___58e22f42acbf41aebec8198dfe3d35cc,gymnastics,195
1862___3a3a9f3514e3479ba7913d0762ad0677,gymnastics,308
18___f9f5efe4c3ae41b392ddc91300ae9a57,gymnastics,135
2033___60fbd3930e8a4b5499f8a29161a7e886,gymnastics,157
2110___2fb70d1b82f845e9ac86f2d2ebaceb77,gymnastics,250
2326___5093aafb5e6946af833fdece7e8886f2,gymnastics,92
2333___419abe22d656425697db090c1daddb07,gymnastics,265
234___eb37055a96ec451782f1c0d02fd753e0,gymnastics,187
242___22dbda8c9f5c44b09d94efccf6ed018d,gymnastics,424
2502___65a66dd154544f6880db79abda657e72,gymnastics,373
2550___31239c973b444e69aa592f13c768b159,gymnastics,232
2795___88f9ae92e75d4bf29c906ceb7c213d55,gymnastics,119
2899___3d0750cba95848ed9a38834cd703ef34,gymnastics,166
3017___b1c18b535cf64483bc86dbdbc4b5c4b5,gymnastics,241
3121___17b5f955f12c4e14a303383dd087a7e6,gymnastics,156
3176___6529d3a5ac334ef18f5bb87a69a8af0d,gymnastics,492
3227___e55a32dbb2694fcfa50cdecda0ca285d,gymnastics,278
3318___4582f97cc55a4b3c805b5cb9edf54349,gymnastics,523
3604___2e04c26da1a0440ebcf404a103e2ca35,gymnastics,312
3652___e34b180b8ab3415ba89657e109415b0f,gymnastics,181
3706___24b13a156bf5418a8c923699c8dd7195,gymnastics,781
3712___9e492f1aff254d99b4a7e8dc6329f2d3,gymnastics,238
376___4eae104f3cb3452d9fc83fd4572c5572,gymnastics,150
3938___d01a28ee1ea54aaa9e6e4643a3fb6c27,gymnastics,255
3953___8290f7f171c5427aa20ebcc29617b53c,gymnastics,179
397___66e6b513bb0145f98dc9118cc5d9cda8,gymnastics,274
4014___82321915be9c471e9a25d5032157775c,gymnastics,164
4034___303e44064c40421ba77cdb4ead96f84a,gymnastics,66
4038___13d1e3a45aaf47cd90cf77ebebbafc0b,gymnastics,329
4083___fd3cf510345f4982a2e1b4b4fb11b423,gymnastics,107
4164___252e5e5fd32a40aeb227ee6b3b125d88,gymnastics,230
4176___ff2664c1a688481ebeee4393181978cc,gymnastics,225
4516___29ddfab35dab4da3b836e24784e39b4a,gymnastics,245
458___401dffcdd45545d28e3c30b4902fab4c,gymnastics,509
4710___9ccc0d6c069a4d9bbea1af6970f89765,gymnastics,248
475___ca08d1422cf444fba7c06279c1b9b973,gymnastics,150
4879___f0cc7a318a6c43cda59bafc435744122,gymnastics,852
5060___a6a51677cc37431d93a2eb878ee27c31,gymnastics,138
5340___e082e65948314ca8a7bf651fc634f8a5,gymnastics,761
537___6259b02125fc4492a20384dae088ce49,gymnastics,182
553___8895081731d142f18e96730dad857e13,gymnastics,186
5616___9930fecb0f1642ae98d596c7c51559ec,gymnastics,209
5755___ee74f298d3f24e0eadeb84a490f33f03,gymnastics,690
587___9a34cf3197ca47a9811f43ec83f4049f,gymnastics,371
5925___77f706f51d7040fd8f119bf2c65bfa78,gymnastics,212
592___82d30e3ab6624dea8812ef71da7f4310,gymnastics,104
5949___dfa84c61085d49859d6a0b19377666a6,gymnastics,216
664___abf92ff552d44390a6c2564153aa2f06,gymnastics,175
859___ccea2694b1cd4d05babb44357616a0f1,gymnastics,110
1517___5f8554f9fcad4e75b07b5cb3e57025f0,hammerthrow,283
16089___faa01fff7f3d4686a6ad80856afc4ba3,hammerthrow,170
16944___0afebc2a26b1403da31d5c5da948252e,hammerthrow,384
16994___b7776e3c915e47a8be7a63e370e52b7b,hammerthrow,188
20045___1958809d668f4d38992d71bd7d23368a,hammerthrow,540
20899___aabab155accc40fbb2c41a6ad1ec7c39,hammerthrow,170
21474___8ab9bca60be24dbd85ea67408fe4baf7,hammerthrow,305
22036___03d1b973791d4a9b817f97ccccfc0fcc,hammerthrow,95
23209___6cafa3d59aaa498587a6e329678d8efa,hammerthrow,168
23881___43d1dfdba3fa40e0bf48a7e237bc61d3,hammerthrow,183
26650___452c732187aa493fae17ab6c5a2d0e67,hammerthrow,336
26742___f1f9705c30ad440ea22775a2f1798d6c,hammerthrow,276
26859___61c76d01a5d44f88b5542198a794cc04,hammerthrow,219
2936___e628deec927f4edd8d81c917572d94fb,hammerthrow,183
30248___075837b0b55447288551f31031440d71,hammerthrow,189
3092___327bc75e7bb24c1297ddbc303c2779fe,hammerthrow,317
31276___8a77e9c20b7942d896552c1e51ef9633,hammerthrow,249
31451___5d81e1cb012c474b92c37366b0d230c3,hammerthrow,443
3443___b49e0ddc90564b5293e53486823f9b19,hammerthrow,174
40160___88f0315e475a4b12b2a6129c840f58a0,hammerthrow,245
40266___8e834e37fb0d49f58f77f91df74d23ec,hammerthrow,266
41141___e5c2a5c017e94e198826f752bc879fe7,hammerthrow,174
41182___ff532300a4d4411b8c11b12d5dc2f7eb,hammerthrow,253
43420___b2f92dd1106a42f8ad8bd1546a65bfb2,hammerthrow,144
43497___d3eeb58a3f29451aa8627eb88d3f4f3c,hammerthrow,194
44901___f2c61d8f809e4ede99a49407707f0916,hammerthrow,239
45588___89bf27222a414f64bc656e3a2d6d775d,hammerthrow,347
45601___b8a2a9f107034e238d26258c0037c0ec,hammerthrow,197
45811___89d277d195a442b3abdc4a38f639dd4d,hammerthrow,156
46069___2cc8c4e5971243478cda3d5af29b60dc,hammerthrow,259
47025___4b8b63211cbd4bbc937fd8041684ab8b,hammerthrow,282
47462___ebc552c242624771beb35ebfcf3ef0ed,hammerthrow,214
48737___8cf1d688f2cf44c6ac646bf9bf62ed00,hammerthrow,521
5086___71f8d7ee7b514301812622b2cb94a1e5,hammerthrow,135
5093___8d8a1741c0254c26b8908af062c33afc,hammerthrow,315
51768___2298840346ed4663b1c9d1e4668a0714,hammerthrow,190
5650___3d2a29c7723a4a2ea97cf47d090baaca,hammerthrow,168
6561___83f30ee0e4f148c48cb1196ac3037223,hammerthrow,163
7291___314102a2bd0b40e08addee1e791a9a1d,hammerthrow,277
7752___a5f312de3349449f9410fe6dd57a63c8,hammerthrow,221
8604___fcb7e8a8507c409ea123f1053e81d6ae,hammerthrow,324
9134___3876c45c318c48ca8024c89c4cbd04ca,hammerthrow,292
987___0c74d6762c394068962b7352ae533fb5,hammerthrow,309
1584___af0ddf13f639468a8575abb2e4fffc05,highjump,115
1617___1bada11a523743f28857bddc88d0b9bc,highjump,255
1764___38bb90b2fec54b33847c8339f677e7ee,highjump,143
20671___699ff264116e4422858f44552a807388,highjump,342
20772___bd738875259f4c8ca3d838351354b429,highjump,313
20964___58620a73aa334e76927c86611c403c75,highjump,322
21553___dc580250010249f9a64769d3aced4289,highjump,41
21633___84e1120f4c0a4750b860c39a66facda7,highjump,334
21831___eb18dcd3fd1b484a8e37f5d8ea3b1160,highjump,254
22309___7a9710746ca64263879676b8e4d606c1,highjump,132
2329___932eabbd676c4f93ba28b39f75f7c04c,highjump,101
2419___ecf6b68965b64f2798761a30acc79d4f,highjump,293
24699___cd31a58c57344c10ab040245ba52b702,highjump,145
25218___c08ad0d4894547029425be7f9f0a25c7,highjump,182
25232___b7e29998de96423ba6c1418ebd1ceab2,highjump,223
26214___355e8aa1dd8f4c4ab7733cd9d82a2f78,highjump,105
26472___faf63b04da61453bbb6934727993c56a,highjump,142
2775___b09ebf497f9a4176bd89e3a26659ef32,highjump,262
3403___03ea80b7b3b34aa98530c54af033b604,highjump,132
4016___b7ea32f7873d4b24ad6cbbe09efab68a,highjump,117
4277___3ff89fb7b8b94a9a82685398456ea205,highjump,112
439___7e8e0ba16fb441dc92f93f628ca374fd,highjump,215
4674___2549f04832af482ba6a9ddebfaf1a0de,highjump,879
4980___5d547209ea854210a3a7a7fc9a983f88,highjump,203
5230___1327874ba2104d21ae47bf8bb7a416f2,highjump,146
5520___c96f8e3138ff405a98d37900b52d46da,highjump,332
5952___9cb42de88ee341e1b755ee63ed680b74,highjump,175
6263___ea168af220164ecbb8c5fa4d67765187,highjump,138
6715___151deb0009b14fb3aa2bbe2af8abeb66,highjump,134
7048___7ffe225f5e1d4c3381e6ec07ed26c4ed,highjump,135
7207___ea36c8f080144c4c8413647be38b4064,highjump,345
7451___b23319c926d04350b3fac046f577c838,highjump,153
7557___a139c7fa01fe46418d222f7b0bf6a4d2,highjump,239
7685___93fb8b2c64bf458c990f0fcd065958a4,highjump,515
847___3a879ab99be54361a1609f22d2366e1b,highjump,401
973___cad19ba3f3d140c99e06aa3b3b631a1f,highjump,78
101002317___99cace82557c4470af74104a5114a75d,hockey,260
101002389___ca5e8b061f0d4708b1e5a8bd2e27a37b,hockey,729
101003830___2798a6f557404663b228876918436632,hockey,802
101004012___429e54d91b6e4db9ae588f774c774f58,hockey,443
101004054___1dbc62ce127d41a3a47247e1190da482,hockey,399
101004349___17c7656601cf4d46b152a8d5021d1d53,hockey,1206
1155___04c374e721c54a008bf588d6eb5e1685,hockey,576
1214___67c8620d9fc3406dbfe265bde200b855,hockey,755
1301___ea9a33245035422288286caf556dbe21,hockey,731
1317___f032271891c84ee582f4f393d80f37a9,hockey,1149
1631___bae42f03357f41e0a36e4a6bc25cfa8c,hockey,149
1738___2d4d863d7e724322b4e71ceacb0bafb3,hockey,141
2013___a305cf1582bd460d878d5341abbe324a,hockey,504
205___4185f3d7d5624499a6e21e349c28683b,hockey,651
2130___b7cf2fc0969d490da39416fa106070f2,hockey,920
2467___4c343fe62d12461ba94d173c9fa489d5,hockey,449
2611___bb47a8bef19a45129d35c87672c1b9c4,hockey,753
2797___007ebe011f054cd7bf5bf30e656995ac,hockey,1210
2848___9f7fbe5cfbeb4aeabddc9032a6ff49c1,hockey,197
3009___29e2157d68da4e53a6c65633e9d20b5d,hockey,270
3030___67096670337d4c47adcccb2a1b5f76cd,hockey,193
3152___9531002b7f134bbb9d946d2942b07b0d,hockey,313
3169___a6111b5919d949b09db3bcceb95b0dfe,hockey,332
3200___6e09ab5de5bf4206b6ef83b1680ef91c,hockey,470
3239___8415c19c21bb486597ebd38bdeef6a4b,hockey,679
3349___e65b89be135e476a8fdc872fd10f8e5d,hockey,428
3542___8ed83d45a078484d8894752ba0b3aff7,hockey,735
3636___a1f67c755e19457aaee9ff5749dbbc44,hockey,133
3709___7a7141fe1de84c87816850ddb81eee61,hockey,186
3732___1db5f2ec98614dcc957f3f7169290ba4,hockey,633
3949___6ac51f9cdc404831bd0a0302d8968e48,hockey,121
3970___1d38019e8deb4eb8ad5b6c4779588884,hockey,256
421___1185e9ea81de4bcda06fb48a433e8a3c,hockey,762
570___0415bbaddc1a4622adcc4284c2abf52b,hockey,412
842___491f1581e3224230a9fdd36fec04d050,hockey,333
885___bdd44724a9c74182b0a9bcbb0b3ac7fb,hockey,197
91___327f99c4bc8d4726b3ab4113b4d063d9,hockey,767
1834___20e36516202047ae90cc1f529e0c5d0d,hurdling,129
2024___df07069918bc4b3f8c48214c30a5400a,hurdling,579
20359___0ac5b2637aa84ae8bc8aac34e5312613,hurdling,100
21767___1760d32b7ba4473591ce1458715b83a3,hurdling,268
21811___5f4c654098274255b35f298d8542bcf2,hurdling,305
22470___5964a07cdca04362b7130c108ed82bff,hurdling,462
22942___6117256e7e2e4c31abd00c742b5e26d7,hurdling,195
22959___edda1a8abcf346058bd60c13dc29bf19,hurdling,399
24885___3160b99152454f8693964579c46371a6,hurdling,282
25095___e66285c2a83e4c66a9d185b2cc5ee026,hurdling,265
25633___43a23cb95ce7448e8d5978d3599722a1,hurdling,255
25754___da9e0e15e1274136bf2fb582237d4369,hurdling,155
26179___137f3f43665f474eb2b6236b2ef83810,hurdling,471
27055___07a4f71e53474f5c9af6e0095f6ad3bb,hurdling,215
28063___71d10d88685241879221a1f9d8a338e9,hurdling,94
2987___b04557e2ae48426cb0b1990e12533095,hurdling,235
3157___017c9a3b92db429e83d10a14078db34c,hurdling,173
3587___9be4f5cdb0ff4444a47f74faa02e59f3,hurdling,525
40998___636cf4d503494081b2acbae04a7d00f9,hurdling,225
4226___e24e50bdca7446afb6b68836116daa08,hurdling,365
4280___d94b3f4fab304846bff3db69a8fa947f,hurdling,535
42939___a37c57a79ea9473aac27de20838c5852,hurdling,342
43360___c8f9b90734ff4730b21b41a6de73e91f,hurdling,311
44981___4405e49328a24e71ba4ca92afc3c6cfe,hurdling,203
45149___4cddb93545f64ea9bda4e4341ae59999,hurdling,129
46251___6d2acf45f2cc45a7acb9ced4dc496d10,hurdling,334
48953___9d033a5999fc449bbd640b87605aea3d,hurdling,256
49359___a5d5b656c5ae455688f88338d04207a6,hurdling,283
49972___069d4a0f8948423a9fb2470ccc145e87,hurdling,72
5042___763d1d255c434c5c992378633704642f,hurdling,623
5702___258e90bcad054760b69354b499e1af21,hurdling,130
5898___cd267a77147f429ab711a18f6978646c,hurdling,145
6746___44b77bfcc615485db45a7ffc87f98306,hurdling,205
7207___69f6025330f746f0b61826af90337fae,hurdling,211
7517___c5e0ec6d19ef416dbab3956f20d32dfb,hurdling,369
1292___39ab50f66a134a8ebea0f7a001e4b18c,javelin,451
1880___d331d77ffb724e50806576f162dc39a3,javelin,202
20015___0e70f441ff9048eaa893e1d3bce5e232,javelin,184
20283___4cd13ac432464580b7cb783b645768fc,javelin,213
20603___7ebf6197471e403f8fb8a2858bb0e806,javelin,110
21971___cdbabdb984aa43daa68782a3f629cbdf,javelin,258
2261___f2cd5183aa984db2bcc3b83ad7380c00,javelin,136
2274___d838e03869a446acbd4b99e706a2d79e,javelin,243
24086___18b456e9d4d74a6d84067903b0ed8020,javelin,131
25544___3a765805bbfe4e3e8188e5372b53f4d7,javelin,319
25740___669273a31bb145f6b476a3d8fe5fd325,javelin,116
26468___425ea0ed52b04c8893fef0c7eab46b43,javelin,157
2777___7346e8e76c034210b629ae9a798d01b7,javelin,263
2794___f2bc2e5cf0724e11b0d4f5f957d92259,javelin,148
2924___05d952c676db4cc09e813ace6806a27a,javelin,1110
3043___056a6ace3ff34a538f39354bbc72dd9f,javelin,124
3150___0913728590ca4990bb2de5a77aef543d,javelin,138
3208___eded2b0f56f8414abc8b8b9a235b4c75,javelin,359
3734___bb7b1806053749e98ee2928af1143725,javelin,495
3793___032c503867784c9a8d692f1d6b177c1e,javelin,143
4204___a9fd49677509482999b9c0aec4defe65,javelin,114
4223___e32e85f7229b4ad48e1356c4699b6f5b,javelin,252
46177___bc79d2befbc84baa856fecf22eeb3c9c,javelin,77
48345___1bac5923d68f4f60876466cdfa7fd08f,javelin,159
4___3e61b02bd5184494aa4690d0670dbb11,javelin,109
52454___c12c16e77f4f453a850e66ed2e36c706,javelin,96
52765___ac29419b86514571916a28001ecb7842,javelin,133
52982___765597292c9344eaaef69ccbbd425c88,javelin,143
5628___88d89349fab445be855db11c99596f1d,javelin,568
59896___9698fbb49e8a4dfcab9d59e8c8683700,javelin,256
59928___a1edda5375374bf89f3e46851ef79be5,javelin,495
6288___f8b0a541908d49c3a0de13d003a95d2e,javelin,123
6704___c8f3ff4588164cb78a78dbd2bdceb8f8,javelin,247
7768___84d9d8796018475cad9b3d91d21de319,javelin,113
8206___33bcea6d192648119c012dc540a62cb8,javelin,680
8545___4b1671b8b0f248cb9740c96f3be958cb,javelin,203
864___494301b84bf0493199f996de4a301e2f,javelin,167
8715___5d41299ffd5e413cb87f1ad78243d257,javelin,211
9008___a46a04b8f7224a4a9a309f5bf3e5d5e0,javelin,276
9860___fbd628f8380843888bbd596979ba08b1,javelin,2152
9914___a159de349cd2498b9c108082a313021c,javelin,198
999___bceaee19c3714dc1873ede3a8a1b1746,javelin,346
10074___36e71202e2124a12b65ea88a09c02510,longjump,604
10539___94f40ae2e268470fad32ccda0115bea0,longjump,131
10609___7765aec416484a469fda44cdfde320e4,longjump,259
1174___4cf42ddfe41b4ed1ad22f81897a60d71,longjump,296
1341___c042baab1ec84f1fb8a688e4913a29f1,longjump,916
1626___650b63e4a2844693973d50f102d7f2ca,longjump,433
21115___37e0b19770a2474d8d2aed0954640a01,longjump,396
21684___759ae90543e943b887a5d95d006d06c4,longjump,141
23052___6a0141128ae64fc4a5aee13e57073ca9,longjump,149
24112___bf90f9367a894b34a2e3d16a00e65717,longjump,465
25108___93be1650d1124a35b929c1c2e6bd9eb2,longjump,200
25320___003a9f138ae2453f8629356569ff02c2,longjump,150
25622___98c5696cd4734842b13c1e5fbbd64eeb,longjump,229
2605___f566b860d69442d1b621ad3397107e78,longjump,203
2786___e697cfa54f9f483ab3269919df559d22,longjump,303
3115___bacaa2a1bb01457a92016a841b92dd95,longjump,585
3671___f4ccaedd983e4aa1a8a94f956f95bbc8,longjump,220
3901___2320ebf6f11a44d892f0a568066a0cde,longjump,891
4353___23c52b2b495f4a04b4c2e1ffd8b659a4,longjump,161
4720___35aa4df0acc74958a6e0de24bc81d4ac,longjump,227
4756___67dc4d494c82463e9ba2d6e5cd0c5310,longjump,270
4885___a89816509ae748439d6edacf3576327e,longjump,124
5182___2346b040445e40debf4dcbf277441b85,longjump,132
5371___963558a574544e3a8139980d91628ad3,longjump,221
6233___bb1b9060dd094ae6863d69448f8ee156,longjump,215
7247___0c929917126b436885b11ff7741328a7,longjump,214
7352___e557248f05d44ce580c56d9283487aee,longjump,373
7466___5db7c234cc8f4d7fa438788ad1b04ae2,longjump,161
777___036cbcada05e4f8fbaa00029d26d8b9b,longjump,603
7851___02b1d1fb54a74e098e44a4bcf8605791,longjump,428
7927___f7efdc79defd43969f4cf4529af83cfd,longjump,893
8101___32e6aee523ab4fcfb08f98f0f1bfee6d,longjump,355
8263___d0f35a1ec2b5405b8a96fa577a87b872,longjump,331
8772___4290f0ed55834784a145048cb48f6bf9,longjump,159
1226___e9b534143d9b4bad83427cbc911b1dbc,polevault,321
1278___bcaf0b3829e842fe81611a53894f0b26,polevault,175
1330___8720c9142d514b0f9162e06d4047076d,polevault,553
1528___ea4542b2d54e46a3a435888a47c173b4,polevault,359
1582___8ebb111adbb64b8780e83f90bd93ae57,polevault,160
1584___ebcd98429ae845a0a91669ecacfa46f0,polevault,280
1722___6407a14aed974fd3bc5c6e3fa9243f38,polevault,264
1801___aed0d222f9204a7797bfbd4781cf5c28,polevault,174
1903___d23504e8646a407ba7b12e06a9f7c37c,polevault,153
1992___280a797e410b423ea26c768339650a3b,polevault,134
2061___1eb061d357be4682819f096be5992bf3,polevault,281
2083___3000271398b241fc96ddcb4b91682cbd,polevault,482
208___ace2e0f5dbc246199ecc2de6ed8714b2,polevault,193
2128___b0a8d3d43633422081a350f784881f53,polevault,349
2294___5fff9baa3b514c3aa85894116e78ba47,polevault,101
2413___77020a5ae25945dd82eafcebad1d8291,polevault,138
2512___70d514c1c1b74d1ea3745734d76f0b74,polevault,269
2628___939f89741b3043df845cdf75a7dd7cc6,polevault,359
3034___01e6579b945e4d0b835934b2a51d8662,polevault,360
3081___53d56ee3232f4e2a931e8e8e396c92ab,polevault,119
333___4fc06fd8c4224a7dba23a7e0e2457b83,polevault,289
3358___092aa98d6ed94b08a45050eb300de780,polevault,174
3383___add0435c45194747826dfc9c7569b320,polevault,170
3441___9d776d736dc0402a8815b2c5c73d337b,polevault,405
3488___68756842e62f421fb46202cb16e151d8,polevault,140
3631___bdfa1c106c2f4003ae4263b78656e413,polevault,380
3824___1c712205620d45b69f6f9d0676ff3647,polevault,292
3829___3bb6cac3cabd47309f93868dd0077dec,polevault,176
3972___00f8e771b4a244eb9133da47eb69ef14,polevault,296
578___c2a194e89d96412a93b587ded2461a97,polevault,195
653___1c110214afc9435da974f4532f660941,polevault,277
684___7c5672725866431a8c857b6c38955d48,polevault,165
728___4b017d108c574084af1929a6021f991b,polevault,166
788___3feeb11b882840ab854d216caa53fb91,polevault,249
805___bd01ecd1697642d590e9b9b72e967605,polevault,205
891___82a7fdea847d4fd597833125279d4d53,polevault,196
979___fbfbb30dc3fd4dc182b564e460e7190e,polevault,971
10023___2a5d4ebe5eec4646bf7bd71a62a604a2,rowing,387
1010011214___ae6275fdbb254b0da4d1e2cd5e1949a8,rowing,800
1010016961___5f3f6116243d4580800b7be87740e67d,rowing,236
1010030051___844d2fcf5a6e4daca661e19964c46fe8,rowing,579
101004799___90e8a4174b1e4190993c70acf0ec7b2f,rowing,864
11093___306ddd67657d4099a0f529817512dfd4,rowing,543
1217___fd42b6909b4e44e78e5878e2a6ef7f48,rowing,199
1353___a4c9e8ab8ef54589a5bbba9fa780d720,rowing,430
1371___326d2720d94a41abb18d81487d9a7c42,rowing,357
1727___343c9241971d45a4ac8718e5f86debdc,rowing,227
20582___bfaeac1c260d4e8fb631360e84a5b502,rowing,912
2170___5ae238cbd74d46e8976db09d9cf529be,rowing,338
26319___66b948b7fcfa451faca81c67b2425b63,rowing,747
3151___13065f86e6554bcca9bcd529ee6ee662,rowing,783
3607___ea464266fe2847278300861332da3d59,rowing,413
3976___30865c1d4ddc4b43801094976f06ae59,rowing,601
402___1b5951165153464a9df90fc848b63b35,rowing,396
4067___b8fe84a5d43d4d6281433cc79d70aff6,rowing,342
4799___90e8a4174b1e4190993c70acf0ec7b2f,rowing,864
5289___051f31b74de04efc950c10ae224f05fe,rowing,487
5396___98611c175e234b1ba7e4abd8dfe42bae,rowing,278
5625___01505208517f44e88aed3ff8d163a270,rowing,303
6044___c7dff5ea51f14b798dc41dc86204cc03,rowing,238
6221___f22ff09aaad442f1b4a58c6226ef7333,rowing,326
6805___f50c7ead27ca4f7b8eba35dee9bb1c41,rowing,307
7234___5e986f9a83874a9dbff6d5c284d0ed24,rowing,365
7279___c1e6e674641741b99fb450b64bc727da,rowing,275
7488___f5c49831aa584ebd9c0e162ceca95610,rowing,649
7502___e87d6c117de54d2ab5b418220fc37154,rowing,797
7713___a58682b1ba114bb2a801648bf4f9c5fa,rowing,305
8171___e7ef021fae8a4308b8057a1ddd20a3b9,rowing,831
82___ad1d27601d704025aef5d15b0dd31dd6,rowing,389
853___c5f8f9bbb99e4bff85661bd08a0817c1,rowing,391
8842___b556b75eb8234cd38ecae0ea6c1e9b78,rowing,327
9110___d1f3d1c5399741e4868f1199ef0a1387,rowing,308
9263___50bfacd478c941f19258932d99a67764,rowing,823
9924___88c032478ccb4f608d80b15682771dcd,rowing,457
10465___2a56f191afcb453fa334f35f38801f8c,running,687
10547___69dcf1d900444830b792d8c7cfce246b,running,254
106___0205f35e2fad42b1bd11ef4aefb22670,running,218
1239___bf5840ed613c4feba32194ad55e17873,running,255
137___e6fffd316d8741eba910d7c4bb039ae4,running,199
2032___ee857b7c0af74cd797cf7d3210f48e83,running,256
2089___656d636b23304637909faff6031b7a2f,running,286
2216___fe3f2d8b8cd34191b3c0fefc0ac21383,running,306
2466___8ec28eccb79b41019af788544586b773,running,331
2498___fac0c3dfae644f738f5e563deb54d523,running,724
26024___f4f8876b3e49418f8445a389f533b105,running,1230
2696___588dfb3143e84a91977255c72a16eab3,running,133
27139___2527ae9f26494d5dae5527f655526bc5,running,949
28406___77ee6c850b3d45039bb0e86a645b27aa,running,779
3197___975e4d3f691244ee8b7c9c25f80b70d4,running,211
3540___cb8f9c6af2f14bdc9b6d986ee25a3f26,running,359
44417___52213e8033f14c8dbb4f9f9afbe350ad,running,780
47689___cba54260e389493a8fba868ac9c60fd6,running,1074
4843___a98b9e7050dc4851a8366e63e9d566fb,running,118
50107___756cc3627d074348b2dcc0ac6849858a,running,886
5271___ab3806844ba24b9b9b3eea76755a7e3c,running,506
5531___680f7d3eea244ef58a4940f2deef0bb9,running,318
5685___6a00a6448c6e44599015956bc74bd69a,running,418
6067___167a7c4256b0431da2fc9825e4d0e37f,running,383
6249___3f70cc40f43444c8afdcb3cbd16185f0,running,154
6278___daf67652f7a14a8ead26ea4c37a0b78d,running,143
6980___0cc912cdadec49ae9fd6c0d27e9491be,running,529
7108___3890f31f75ec47629e59a2625390da1b,running,162
7149___71bc9270bf264c22a05f73df565d6217,running,265
7216___c5b6aca2959947df959732fce454c852,running,399
7478___7e293038a2864cceb5f2d99f14690a53,running,570
7541___801cc93a8f1c4411889c17dfc1b25e45,running,128
7605___c4a0ba7dccb7407787b4eb0b90dcd899,running,315
7772___1b1eb54e1b6541208d8e6d6194d930ee,running,803
7978___e48dac3228884a189b1c837fd417142a,running,259
8308___e1150702848f490db0db7fe04bd3140f,running,168
8578___40b0f6b4bd65401da67f38d70c2ab64f,running,213
8678___aa0f7ea5abe547c0a295b6b4f31e4a4e,running,910
10122___bd25a2191a804f12a0a6d2796a541641,shotput,281
10720___ba3d906730184daea05659362b17d56b,shotput,186
10924___a1353266f3e84e3db040e28b3f6b27b3,shotput,589
11131___06339517a4604648a1faf99338b120f2,shotput,151
11248___4df72f0787ab4b389769591a75cf4464,shotput,168
1173___8b3eaffc3921483dba43afd1bcab2779,shotput,162
1386___a2ed49a6767143c4aaa7f99b23445eb2,shotput,174
179___7ffe0656ce7c4a6b93ffd16fbf7c0eb3,shotput,594
20179___cbaaf0db9f7d4180a061eb822e003433,shotput,492
20453___34764edbf11a4fd6b4033668fe18377a,shotput,228
20466___133d0bc533db45a9aca175e1cd67c625,shotput,173
20761___c0498c08d99441abaeca877bfad19d40,shotput,193
20866___e57a9a0f345c46f0a9f2852960412b33,shotput,137
20937___c1007e5445e246678e93b976b0433169,shotput,57
21251___6f5b656a98b64845bb2a7adce151cfca,shotput,164
2204___a8bb649d407641029c392bdee491378a,shotput,299
22350___ccfd1c02778a44b78e297d6637f64a8d,shotput,226
22735___0282f49efd9542d5a667853ada880c8b,shotput,326
23588___374873cc0b0949418f92c401ae999c2a,shotput,200
24380___0cffe40826c642909288df747cb7bfb2,shotput,614
24578___8e88b92d35834255976c2697a684d9bc,shotput,381
2470___502c1774a6e0466c8b5903173d70b7ef,shotput,354
2540___7c4a65ae62ae42e8b71e71386764a1b7,shotput,216
25573___5b0d173104594a189acc8529d6047f08,shotput,146
26497___c597aeed477b4b659a6501089de0d710,shotput,337
26760___aa29956660fd4bbc80b6f085c88e65cc,shotput,359
27301___b1409617ecaf4658bc9f24824050d05f,shotput,223
3124___27cb0de343f2470cbb89c5efa2435b42,shotput,293
3720___3a034c77d9d149cd880e751666848ecf,shotput,102
3847___c267645a3be14601a01a82816bfc9475,shotput,161
4252___055ca1e7c0cd47f6a6637c71ef1edb10,shotput,167
4431___5c6d40f1a7fe40119076d151472a8996,shotput,192
4863___b1fbbd5f3f4a4844bae937c9d8933981,shotput,152
5123___784b24e6b8d740448c1a016370b2a66a,shotput,188
5300___a3f67e009bc94e6ba769a9f19974131a,shotput,232
5796___3c99102d977d4fc3a9dc4c7b47977995,shotput,238
6462___df44b3cddac046099396fd4153cd845c,shotput,177
6796___cf268b8d0ad94155a0d98d39790ab62f,shotput,215
707___24af2c1061d04bb29143118c6d44929e,shotput,305
7548___d7a9a442024c424cb0e22ce38629645f,shotput,148
8145___17757cdc67814ccbb6098530634d31db,shotput,242
8185___11925b02eacc408e807a7d328a90d906,shotput,212
10175___59a9be07f5ff4fde881cc69f45c03596,skating,151
10365___59fcde0c01b54686b227e8b3bbcb3447,skating,150
10469___b8a71d46e5924295b259bbfe1487dd0d,skating,163
10838___c19112b047d84301ba7ca16103ad0080,skating,267
108___a4e0b1498e004756bd1e5b106dc62d35,skating,241
10915___15a657027e514c12a5f69313edf6b1c4,skating,416
11118___5fba0d2acc83481ab0bcd9dc93c5a78e,skating,254
1710___9213d37cef294ffa9903cc23af788bc5,skating,361
1910___6b8350f0fd7d4da1b669d3258d3d1c56,skating,140
2197___52e5cdbf2f614168a679fb9fc6aac9a1,skating,581
249___669dde2156c542eda893cbf9e1cb9c64,skating,313
2500___073fc2287d674768a9d2598cb25a9227,skating,380
2662___7796a7040f584957b7a931b5c9907249,skating,228
2833___3f56201bf11f4d42949c7d86ec2cc521,skating,108
3477___b320aaaebc614c758450650300bf3b25,skating,167
3735___59a0c9d59e3b48538c7747d5c4345a54,skating,142
3812___8fe363e0f57949e196cff5abd3990f41,skating,165
3830___635c00a461144e8f95ed96f81979ded9,skating,691
4042___406bfed3c7e24a259c9a22efd4244abe,skating,205
4179___2558bf0cbee44f43aa8d3afa5e6b0fa4,skating,136
4409___6e1e30a31cd84d9283c68219e9fe5401,skating,372
4529___b8aeca1951d34aae93b8ae3b84f8635a,skating,415
4614___48f9a41674a646f2badb6d1c05fe4649,skating,339
5095___90a205a488524940ace7f542cee54760,skating,248
5722___a300ed8cb12149d3a040e511d1d10540,skating,188
6214___5b914700039c41928f6801d34ca4a08b,skating,343
6460___f32493caa7b345f8b6a1d63981010e78,skating,231
6709___9d5195167a8a45c2af6052ddcff9791c,skating,161
7469___5c9bc84516d64d9ab2833f430350689e,skating,199
7536___18d9982575694981b228fde623c5eccd,skating,135
8029___36641ebd96ad4f029796db86861b3ae4,skating,318
8097___1999c6fc217547268bed83c432028c31,skating,127
8196___efdee99b12c34b9d8b5835c8260d3100,skating,165
8302___60df123b8c794e77a125f3842cc9da63,skating,187
8438___29667844b25c403990ce46f1dea3d4e9,skating,165
9382___fe0bb14a8bc742dcb31359b85f990d61,skating,159
9495___7fcb34d05f9243aba5e9a72a6c9c94a7,skating,122
10171___b763bb9f778c45c3a4fa68e76701e85e,skiing,147
10585___533a5584fcb94083894292ff2e71d1b2,skiing,189
10672___87db2216555247a3bd99e11d1d62838b,skiing,131
11009___b783d31dbc7647008988807e7f49ff0e,skiing,324
11009___fb6ffcdd3b2b4e15b818477d129e97dc,skiing,115
1183___9fb616468122427a9b08d9cfb51505b4,skiing,695
21650___46582d28619f46c5aee3edd81833a031,skiing,467
24942___6eafbfa071614d2db5ca31786b7e845f,skiing,590
25939___abd0f8d5499449a4a7257917e1626069,skiing,539
26205___5b7505a0ba5e4335a1cd1b8265dc0513,skiing,575
2872___61bb6b3d0cbb46278de1a2ea4ac95ae9,skiing,475
31579___f1af0057ce4d4387ae3590d5260c91a9,skiing,355
3911___b116c15edded4f3b97f0a4812a594eb1,skiing,146
4280___3b498942a80f415fbcd51ce534ff409d,skiing,639
42880___6e400450eda1455c9f16cce0d8da721d,skiing,154
44162___90925ff755434148871a0c8ce98135d9,skiing,390
44418___48c40abd98924c2eba4a39e615fce806,skiing,94
44605___861d4cf78c4745e3a13ae5a227012723,skiing,238
44890___b345a41772f94b26bef3891d00cd6896,skiing,530
46268___860c31e830bf4092abe51471a2d414c5,skiing,94
47249___34b0d98bc12d43c08997ebd5d253ea49,skiing,131
48678___826466e4370f466cb5cefd041792e408,skiing,96
50581___0eb51555c417479fbe50a04440ac3be6,skiing,366
50608___65f12637bd84479da99bb076234e900d,skiing,141
51458___46a74b2c99874ab483b24d149a7c5614,skiing,312
52113___8f13b969fe4e4d1c9ff2995949109ce9,skiing,348
52430___40d5da7cdc684f2d826aa04e3365bc77,skiing,381
5332___40a116c29a3f4098b874ca3fed708e0e,skiing,135
55360___1177f73ac49d471d866f5a03a643f29e,skiing,621
5547___fd4438c75b8c4ea3ad7c9a68c6dc874d,skiing,380
56367___e377d9d96c8b4ed996b253bcd4e732a9,skiing,374
57477___e148f101a2b146eda9d06dfc1e0b23d2,skiing,365
5905___075a50938bb84130a8b2abe2eee17763,skiing,303
6540___8c057a19920141a8bd13ca2b3572a45a,skiing,141
675___f7f5a5beab4d44e187710d144c21487e,skiing,452
6963___bda2c3bbe6d14d5abc62a5b101c835bd,skiing,140
7013___8f1ca3f91de544e38823d9d254f67545,skiing,89
7046___765e7420ba604a4a838017b2b1d2d7d1,skiing,242
7820___59d8c7c2bad34853beaf8aeb8d1de4d4,skiing,398
8074___c702071e19bf47618501f129cd6af5fb,skiing,332
8103___ea97eeec37684e33b42b1a0a223ae75e,skiing,335
8345___7f2361645811439c84851b8754f8e620,skiing,132
8680___486ec1a466ab49e2ae627cbd96395222,skiing,207
8841___b0ea4b4df9064d2099055c720b91da59,skiing,396
9563___8ed85de936ec432e808f5b9f62f4d3e0,skiing,404
10229___15e3d35418054ef4a050b8dd110d03aa,soccer,76
10352___ebe92531578c43799ccd78bf2d683732,soccer,86
168___22083b811c444f438c4e8dc464b28278,soccer,67
1768___b2af1f63e2d54749bc5c00cf5482c239,soccer,697
1846___3428a779c52a4a2eb62b00fdd2a2dec2,soccer,124
2520___37b3144aa5ea4a84b78fe839e0c28f23,soccer,66
252___64eaaaffa5284ed8aae4682f4b08e9ba,soccer,193
280___460a9054e11346d1946977c8cef2c9c0,soccer,65
3433___4135c64b50dc46218b33d4e35b14c4f8,soccer,180
3514___d5e7024eac644ca791835d53787b2eb8,soccer,115
3630___e9bbbabcc1f048bba077a5b8ab6455ed,soccer,84
4392___45914471d3b24c919ac0bd448adc0878,soccer,124
4396___36ec4125d6a94c6a8fd7387b24bdcf13,soccer,78
4845___b9b08169104b4637b47867c64f2d6ca2,soccer,73
4849___b525431d999843bc97dfeade0088f175,soccer,830
5012___0996216af3644a6997d8e8925b403e58,soccer,73
5356___a4894be5647240ae974776d3046d55ad,soccer,94
5450___1562d8f5a31c43feb233ee273c69f346,soccer,146
5875___9955d739ef4548b7a7083deac4520212,soccer,79
6162___60ba02f42ff547e2b4971ccbdc26dbd7,soccer,702
6378___327abd0b671846579af36f2201736634,soccer,186
6406___62b3c7b90f32455093b35afe8364e70b,soccer,81
685___9e47103b6f2b4861b0033b6f14828864,soccer,58
7049___05f3607c2f92496eb5dc311ffcafcc40,soccer,61
712___9b155cf0795a465f9a9c0d7e6aa1985e,soccer,168
7174___dbc36f10962a4de29265a277917fe501,soccer,95
7701___ef7e03a740194723987ece801b694a1a,soccer,183
8042___4efbaa0f30f542589f4671c6075348da,soccer,82
8194___ccf3e163d0614fc4a2dcf5b4a896e6ce,soccer,114
8941___9cbbdf4418124d519c26377cf1958eb8,soccer,276
9277___afb5f39e46504e70afbc1cc4588a4d7f,soccer,636
9422___b6f8ebae30f147658b2859380527f7ca,soccer,81
9556___584679a6163145fa865b0eb5ac4139ad,soccer,79
10100150___60e9439064a147a3b96d0bb65c16f70d,swimming,5610
10100212___4296493a32824991bb145fceaea5b004,swimming,1843
10100216___2deb7ca5a4d2425b97e4c3fdbbd13806,swimming,2110
10100226___20de23d0b48748c19682747446b3ed4c,swimming,2883
10100228___f5dad6991419439baabbf86771296f4b,swimming,2720
10100239___afaf806bb6ad4fc293a0dd0a30431073,swimming,1097
10100253___f86f27a148464cb8a7dcba3f85556baa,swimming,764
10100268___0628d5edd6a84e9495b8233b6e947ec0,swimming,3670
10100298___1fd0b4b71f254a6791bcdf9c9aa73eb0,swimming,4759
1010029___59298a53014f4b82bdd6a52e6395b44d,swimming,356
10100305___b2c8ecfafcde4b9992fe4e3c425adb84,swimming,738
10100309___6ce01a3d333a437d940aab153dc9cc17,swimming,848
10100331___fbc07302188748cc87e9d81cf3c5ef89,swimming,4634
10100333___00848f5104254d1fa6392d013c75eb2f,swimming,3848
10100338___1e167499a7c14956a50e9fdd68bf3824,swimming,453
10100340___5ffc16b7d90241b69530e6df1f4b12f7,swimming,2041
10100351___465c60bea1e1402f9a077c4855327f8b,swimming,4040
1010044___cc08fab08cc24558a6d3265e9213e04b,swimming,2511
1010046___84f2a63b4ebc4a75861af90da444e039,swimming,2167
1010070___1db75e9479e14aceb4ee0066fa1c8290,swimming,4167
1010079___130ab3baeadc4581aa48f681342a31a5,swimming,3093
10576___30dc4d9ab32847b3a995fe082e4260dd,swimming,888
10649___14b655277dfc4242b04443ed1d72582f,swimming,199
10930___b1f53c391531414c96d93f19cf0917e2,swimming,701
1106___ade6a4be17d94650a0f3474effdb51a3,swimming,558
11099___cf340720cba04b8a951d1b06a20387c8,swimming,747
11328___9f7dff08e8b84a7c9b4734bfc2c0d5fb,swimming,317
11401___f38f353cc0074d9fa5918bf0142d12f3,swimming,250
1167___cce4b8eebd9f4df68ad77f8350d3d18d,swimming,416
1559___cacb1dfd19b046c3893e11d4a16350ba,swimming,247
16139___94727821bf2b4ccc96b2ca9d8808f5c4,swimming,616
16598___bd648208f09841799137548831a82629,swimming,487
1746___658744fde9f8419497a9be19b795674d,swimming,1279
1927___a1ddc5043b2b471aa1d4815c700b7a73,swimming,681
2443___df1fcac02aee4295804d46c7909d0750,swimming,283
2951___a5c301ca5d5d461aa5210bc6c3e205f3,swimming,754
3103___93936653d93c480a9bb0325c903f0355,swimming,685
3194___d6bd81333e464e17993766ba829df1dc,swimming,554
3196___b6cfd60991fa4c73abd7d6bac2f771be,swimming,445
3330___3d76cf5d3eb94f629dd89d92a766acd0,swimming,348
3664___c7d13f1bedc2489eb9c132ac485caf7d,swimming,238
373___945fa4cd58a74a68be0088b91ef65a58,swimming,467
3868___9ec6039f02c54490b20cdc6c589f7ced,swimming,1736
4447___f49cac069ef646629366b339dd781d18,swimming,185
4530___114c98dabbcf4d0aa2c714091c4eb086,swimming,290
4636___405f0afc142342308e24a60771c27580,swimming,232
4670___a211a52de22e44e18b7afc5025cec0bd,swimming,979
4725___a885d2ba64454de380fe2e2c189b1b01,swimming,913
4754___808acf390003456fa4d4a7db77eb7ef1,swimming,1169
4930___1fbfe6161cb64527b39cdaa50c8422fd,swimming,1527
5303___6b8b209f9a8744b18fdfa8d4c23a8b72,swimming,1593
5470___f72aebf5692c4f9ca9f3aa973f31589b,swimming,841
5979___68c3cc314f914788b628339c2c3d1ee5,swimming,362
6311___ddeb514949c846c68e28a85487d56b76,swimming,270
6325___bd9aabd8b9e8418e9f46c957d3908b06,swimming,1151
6427___dbd372bf1dd9477987312cac1805529e,swimming,610
6513___ca25e64ea32c4f0688b5947429c8c8b9,swimming,1314
6965___5ed4dea655ab4880a1220c6f9101a26a,swimming,801
696___6a38283822b24cbb9003fb744d3d41fd,swimming,1014
7057___eadb58463b4d4c93b56b21fe099b9e79,swimming,628
7394___873943afdc2e421aaac8cac6b6872684,swimming,387
7959___c01d55d909754baab06219f494cd1989,swimming,570
8003___fbab12c9a535444187355b25210a35b7,swimming,503
8140___8a0083378d0a4dbb8eb140775f4d8271,swimming,870
829___8f8b67b2570a4409a01658fc39755f80,swimming,1222
8639___7d32f167af3441be9a9ecdf0f4839eab,swimming,342
8697___e9bddf273f4e42479922cba296a9b6cc,swimming,1048
8714___1e539d988d6d4110a51a0d5f5aa54e9a,swimming,996
8903___23cba1afe76b4d74a81ecbaf207f5ab8,swimming,545
8915___0a86c23bef8e4032abee6c468d02e599,swimming,899
9275___e6d56535c85845508296d6a8d905e318,swimming,192
9613___2e1b2862bbf7486681897643b2b2cec3,swimming,450
9617___5dc9e85956d54c00a79c8de73f7ff338,swimming,1116
9652___52036d3e34a14decabe51b3c473c9091,swimming,295
968___4d8d6fe8f9c546b4b2dec8b33d8d22e0,swimming,413
10778___a9745d62b0014484bab97be12ffbd290,tennis,392
11264___2f38c715047c4308a4a32dd25d0c4359,tennis,264
2017___defae41373204347946790f5ffad7f20,tennis,634
2101___1b544cb3fd814c849db57c649513cdc9,tennis,342
2175___4343803e471c4aa284c3cc1905666906,tennis,454
2252___7d14032d56c2422b967411ac3b69000b,tennis,527
2406___88a34f82aff543399835eca3e2909fff,tennis,605
2725___7a248217e8994e9ba1ad302ff5dc4a1b,tennis,341
2972___829dfeaffab144e3853e06c6de399eee,tennis,600
3314___7fec04c77431442f8b980952e876d6cb,tennis,410
3781___375461f001fd40cba2ef469922c30df3,tennis,525
4130___5916600b11224f3489c86deff8e34880,tennis,412
4162___41d67a40be674e59a9b9970269b1dc32,tennis,448
4570___404cf82ac8d54d718f6ef420248a8c48,tennis,451
4814___471957ebb1e746228bbb1a15c5a5304e,tennis,86
4860___adaccdbcb5714ced9d3331d84466119f,tennis,725
5129___8708d1b013ac483bb2c8bd2f780af2d9,tennis,449
5375___2498aff44b8f405eab7666f68b810798,tennis,454
5387___4028571729e54cb18d46908d7a9034fc,tennis,262
5718___64de0c98e0e94168a180d35fef6fffee,tennis,418
6411___7dc53dca94df42959cde1039f17a63d3,tennis,268
6421___8075d4aa136e4544b35d5dfe49f60ca4,tennis,425
6613___c88e1cd8f3d941a3b9e77cbd8d07ce65,tennis,416
6768___217951dc8c2c40f1a37987709563ba87,tennis,153
7065___5bec7e7b19f44e29a04e49c22f126b20,tennis,456
7347___345a13f86a3146c98d0a4c9559f0161d,tennis,528
7393___5a1f23397f4b4e2da6673c0d5f03aa4c,tennis,201
7453___b089338c1443400e9efa934a3f89f8c2,tennis,74
7782___37d3d05a5b0e4e169056c825efbdd33a,tennis,467
8230___040770ad474e4ba19d3d836849cd6ef5,tennis,307
8401___af27b0f061fe49308df901b248b51999,tennis,716
8687___10bcb568181c465187850cdff5f98637,tennis,168
8835___db8c28670c8b4e40af7f6cb7a800473c,tennis,204
8946___d59a10a61b6f4bc8bae7f47188cb5db3,tennis,554
922___b5669574a64d44df85bc5464f1af614b,tennis,372
9399___bac91cd9e22a4b68894705cb412b47a3,tennis,612
9796___31ccd4acd3f948c3bdbcd78fa257ebf3,tennis,468
10100101___3d4275930d1b4f26b23a3e3e9cefaca6,volleyball,1049
10100105___b33da15008774b0e807ace7cc7fb09a2,volleyball,758
10100107___937421db7e40427d8a034c681b4e1e09,volleyball,206
10100109___a581901802b94fcfb39a49d5d7d281f8,volleyball,214
10100114___7dd93290c75d4bfeabd6deb6b6f2de57,volleyball,1081
10100119___470a16ce19a44beea3709f666a358d2b,volleyball,108
10100124___4b0ee2646304420cab7e067f63a54345,volleyball,120
10100125___a7ed190b4e354d1088ca3b93b9f4ecc5,volleyball,200
10100130___4398303a177243189112c66c8814a27d,volleyball,465
10100133___eb49eb0f1bcd46a89d570f8e39b4faa7,volleyball,2006
10100135___626b46a8b11b472f86e1d307176069d0,volleyball,1544
10100136___e04621c9d7a844018baa3d68d661c849,volleyball,202
10100137___6006b9a951cf4147853fe319c808197b,volleyball,90
10100143___510a7b1c03e7446ebecc7bbefbe70b0a,volleyball,189
10100151___6d1fddf3d8214ff280423b8237b8c827,volleyball,1720
10100161___de361b22a070489aba4807f42c8e5c96,volleyball,886
1010034___d55356de99164e84aae09a4f792e2c0e,volleyball,800
1010036___375b473baeb14beabfe4515793cb9495,volleyball,619
1010040___e188d18c1ac344e0b66b262dc7e750b2,volleyball,447
1010061___030d75ebafc348459b8cbe9b72640131,volleyball,576
1010075___a5b4fd4712b94b168a3b776e9aa4ff3a,volleyball,408
1010079___84f3fe54437b42c9973565bbc89ca7fc,volleyball,540
101007___23d897d41bce4fb191a4bd7ad75fd005,volleyball,666
1010087___4dfcb2fdfaed480fb6ed75209e2f8eb4,volleyball,815
1010092___70e92592680c4921891eabb43362a894,volleyball,1112
1010094___7e0ef5938c094828ad4dbfeb294b6b53,volleyball,79
1010095___78cc475011014608a61f2a5dcdc72a33,volleyball,1929
1010096___b29ac669fe8c4f5c8134c31bfe553b88,volleyball,659
1010097___bb97fcf173c549e1adb11ce909b76e4e,volleyball,1839
10458___b98d79bf67c64e3c8e577bf7ea345016,volleyball,126
10609___b5b8fc4246d04aee8fb65bf5c58b580d,volleyball,355
10652___4a8f77371010422c932ff4d7861c6193,volleyball,91
1066___1d7a6ba09f434f89b0e7d16e6189b6f8,volleyball,123
1349___c424dd0718cd4a5c89e0d5f29845f6b7,volleyball,418
1355___162e8135d308406bba36d281e610f642,volleyball,168
1577___5250256720434389addf054aad68df47,volleyball,266
17497___2379c64499e84028b4ed3a3ae5d56dce,volleyball,177
1796___7d2de13d29a04f47ae5122a3651d34ac,volleyball,89
20220___324d59f353ce4b7bb4426b979b9ec2e4,volleyball,239
20752___b917d2ac91bf439587c792b3355607f4,volleyball,112
21717___303d75da7d7d43b3b858caf4f3c05fe6,volleyball,144
22613___ce797ba715e24739b67d61280841b14c,volleyball,335
22851___1f5fb30fa5d14b5892224b6325f462c6,volleyball,384
23091___6a31249f17ff4fbba2910b08df77847f,volleyball,188
2324___f5506b8102b64f21971c4369424dbbc7,volleyball,455
2482___a991bb7a76ca443593079febacad3877,volleyball,277
2506___aa5e9e6702894ff0bff82669632c07f1,volleyball,184
2592___2af28a92cedf405f913f18210a7153f6,volleyball,180
2977___6c2a7561c7b943479c624956aa8a004c,volleyball,152
2980___094033e8ef0d4f5495febe406f606e68,volleyball,159
328___2da69fc8e64c4c6395ce62a063bba4a8,volleyball,374
3353___f194d8088b71453cb4fdd70b69a4d5e2,volleyball,119
3422___32fa274579aa40518d2b929bd1f25aa9,volleyball,269
3475___5123e7fbea444d02a9646ba23f76b71e,volleyball,388
3682___7a225dacc5b048cdb818f4fda43782e0,volleyball,218
4127___462b46a38cd34e52b562a91a688c0dba,volleyball,93
4534___ab4f2a3dd1754a97b512f0ff759c414e,volleyball,115
4577___7a45e3231b624b4888ff4212275e083d,volleyball,1193
4633___027abdbca1dd413281f927dd3a89be04,volleyball,298
476___25dcd1f1581d43d08db3f4349691d0c0,volleyball,148
4951___666c3772b6af4f95adad3e361915fd31,volleyball,638
5123___cf8c323651224fa18f399cce9b128223,volleyball,201
5369___ecdcd9783f604d1d95de15801d153030,volleyball,569
5489___b14f892f12804499af043fa05f3ad4a6,volleyball,401
5774___b0561644f1cb48a5b1b560f47175b137,volleyball,156
584___5f463f5fa94946eeabeaf891d05e7a19,volleyball,208
5875___f39b20a8986844e7a5b6365eea1464df,volleyball,369
6241___dad8fbc24c564e058ec3cc3dd6980202,volleyball,173
6956___3c60f60033724f288ded1ac7b261767d,volleyball,326
7276___9dd032b0e8554d17bfd8a817b8562fa6,volleyball,441
8104___88699ec504ae400783b62d77f8f235c2,volleyball,320
8424___2f57b231d69141409b8a211b8c9e7b6b,volleyball,11708
8478___67800b6d02d54a1d8b41d540b0dba231,volleyball,103
8524___4c14e23dc47b43e78e9a02cb8b380fd5,volleyball,1042
8547___e97841369b474330a55f4947185b7af5,volleyball,409
8664___e95d75518b604cadb7c73bd6ba088110,volleyball,604
9168___67b3138be45b42cc8bd99dd2e01e558f,volleyball,315
9305___cd22a6849e18457d907102ec915d20f0,volleyball,626
9579___0525dbb01a7443d6a99ff152665c2279,volleyball,170
9988___e6d44e587a8b4e0191a3ea2e873854e4,volleyball,637
1019___2bd542dd8cfa4b068eddb59387d22e7c,weight,793
1057___b48b750ab19146c6bcd4bd45d1153426,weight,742
1249___2998edefcb1e4b29a55c48b6a608b846,weight,683
124___036de9d076d24b6f8dfe9ccb33a60ef0,weight,468
1253___9a960d5cc4414eedae4fdbbacd1f36cd,weight,463
1394___968efead31dd4e65b977bb03c4ccb557,weight,186
1434___31ecfea5cc664d9cb0a09eb88e576e75,weight,215
1510___d5c26d7ab43a478eba7ab33d6b6b50f6,weight,230
1562___06b9961ac08f4557a8f72e5825bd3e57,weight,766
15___b3f6ea0174d144b0a4c1fcc7910ec8f5,weight,777
1660___b061be5258a147948f60664914a9e4b4,weight,113
1698___a01241875a2348ec8ae0fa97f09cfbc8,weight,363
1699___badfacefb69840df9be1d09c76bedef7,weight,1229
1736___92c765c6dacb48c1b899fe87b9d766d6,weight,1006
1770___3360036c0ccd4a4688867a5005513648,weight,700
1879___39c6820409f84965afa6b8a4dd425265,weight,546
1931___a39e57d5daed46568a9973eb4eea0bcc,weight,497
206___6c61cd617133460aa295a8df94fc586d,weight,378
2200___f420cb88bd674db29214294474ca7633,weight,178
2206___e71f01d601ad4707a20e563d9eab0924,weight,540
2517___760d0578b0144990bb620c37896ae2ac,weight,829
2625___d9d42e4438e448e0903ef0ab92410b32,weight,1191
2654___7c368c1066cf49cda0e0c0c111ef7a69,weight,349
268___5aa1353d22c54435902094206e254adc,weight,1166
270___c77b1273ef21481a9d89cbe9853f7047,weight,655
2746___7c13b2914b2e43b7b22108aedec6d03b,weight,718
289___8a032d863d9f404e9359b91f840c5273,weight,957
450___c9d45d914d0049cab333b99c280f23a4,weight,1351
523___36b0070008bc44faa94333e8a3ec9306,weight,602
62___6f39d043fa7a41d780b129d9bceb66cc,weight,824
661___a4528259f48b410693e4ca1c25eccf2b,weight,406
767___90225bbda1f34c3885e1ee2930d87fd4,weight,279
799___79c228a958674fd19abfe531c170e01a,weight,216
845___56eed40b108c4f76abf6994417b38342,weight,549
908___548324ef46ae4572af67a0f0ef9f3aa1,weight,1595
984___ccafbb2605d14e32a6d362e5ba9e5ffe,weight,556
1010020731___c4e44f7580364e4eb99a4936f407186d,wrestling,554
1010028161___b61acd8277d8474595f849d039b02b6d,wrestling,1800
1010040471___1569a33528f7498589814ced31aa6dcc,wrestling,960
1010040778___0c839040cc444286898036c7acafef53,wrestling,1800
1010041993___321d812d13a74450ae362b374ed7a192,wrestling,1800
1010042585___2c11daf6cdcc453f8042e99fecc477d2,wrestling,557
1010044380___789e88bae2ed472fa8f388264b36da48,wrestling,1800
1010047220___f1fb10b97df44f43ba1d7d87f09cf513,wrestling,1800
1010048666___88090c1671344c35bd854801295af628,wrestling,1800
1010050146___64792cbfce354385bd5eb844a7c4bc80,wrestling,1800
1010051133___7c497f263eb64189a62f5f302452f2e4,wrestling,1800
1010051140___49d7cd575aa74b3c9bef885cdc29a578,wrestling,653
1010052149___ef27fe78a1cd4118b325afde1a4da32e,wrestling,1782
1010052905___a39061f4906244c88ab749c7e1e31f30,wrestling,1800
1010053007___f98a961d912342cb95a6b3657538e7c0,wrestling,1197
1010053294___b62874c529894870b7694f6d2b755c1f,wrestling,1800
1010054868___002e3dd7f83742bb85bc1dd47e273ae1,wrestling,473
1010056458___a2b6b28e7ec342379603cca14dd51646,wrestling,1408
1010062045___a2383d195b65496a92aac20d9e9f9d9d,wrestling,1800
1010062583___4c3a6634db73405f899edebba69ed9bf,wrestling,1800
1010062717___60027930cf1d4638b424b41786e28006,wrestling,1800
1010062894___24c6f958e3384c04894ddcc59ff01414,wrestling,1800
1010065014___71ff19fafb12462abd3620ff14b9fc9f,wrestling,1740
11441___7cf2cac0a7824b98a3f43bd60342f29c,wrestling,362
1673___077ecb6de2f04d1d9b0bc1e2492ed4cf,wrestling,732
1909___47663c0dafef48259b6e6aec54e99120,wrestling,147
22138___4b8d3de4f2a24d508c3e3abd8b3cc8d8,wrestling,894
23790___60cd4e6ceccb44e6a144c484b38e34f8,wrestling,364
24760___8a0df7f2552e45cba0573113e26811e6,wrestling,465
25719___8f640bd8e794420ea14a1afebd5bd580,wrestling,288
26853___b91ee131492746048769e5acaaafe74b,wrestling,904
28397___63950476fc844493b1c55b2f17029b51,wrestling,342
30536___45be860f475f4796baae23fdfe5c5d8d,wrestling,334
30977___bc20cd3b3ca740578b37f922869b2183,wrestling,381
31159___f53cd6dda31e4e7a9af03955db0c7969,wrestling,901
31242___41121a7074304a25b03559fce15ec9d8,wrestling,394
4259___fa82fe4da5364ea185a5f5870cba4fcd,wrestling,240
45264___cfad269f40b14af7b2e7d364e99ab893,wrestling,907
4625___28c83957f50743d4a18485593160f80d,wrestling,856
50124___9aca0eea20f146e8863d25b27d3e6825,wrestling,873
5047___f1173bfc7ef54d98a1d7ee459acbf2a2,wrestling,521
52752___ec4ee113164940349d7d1da5afe5f8ff,wrestling,785
5551___08aecf02179343ba8ba4847de9b881e8,wrestling,309
56852___024ec334c7e846319933ff54393ce099,wrestling,866
6461___1f243fc6bf554b2bbb0e690077f15813,wrestling,404
71749___688fa35ee4d842c4bd5f58638de77be0,wrestling,751
72233___0af36e62546245039ac6aa0f61867c7b,wrestling,777
78___5dd3c818e9e549e2a44a7850e515f101,wrestling,208
9007___026b2c5c7d854bb4a7aabb5b4e4bb6df,wrestling,305
9556___9d832c80b3fc46d49b0a2727b5d65566,wrestling,548
9619___41533b763d7f45a2b57a52f3eb677d8a,wrestling,640
